{"cameraMode":{"drawMode":0,"name":"Shaded","section":"Shading Mode"},"sceneLighting":true,"audioPlay":false,"sceneViewState":{"showFog":true,"showMaterialUpdate":false,"showSkybox":true,"showFlares":true,"showImageEffects":true,"showParticleSystems":true,"showVisualEffectGraphs":true,"m_FxEnabled":true},"in2DMode":false,"pivot":{"x":222.54383850097657,"y":102.52955627441406,"z":274.6921081542969},"rotation":{"x":0.09244570881128311,"y":-0.7931708097457886,"z":0.12451775372028351,"w":0.5889495015144348},"size":102.83311462402344,"orthographic":true}