{"cameraMode":{"drawMode":0,"name":"Shaded","section":"Shading Mode"},"sceneLighting":true,"audioPlay":false,"sceneViewState":{"showFog":true,"showMaterialUpdate":false,"showSkybox":true,"showFlares":true,"showImageEffects":true,"showParticleSystems":true,"showVisualEffectGraphs":true,"m_FxEnabled":true},"in2DMode":false,"pivot":{"x":243.62469482421876,"y":91.86656188964844,"z":268.47100830078127},"rotation":{"x":0.09913280606269837,"y":-0.8240591883659363,"z":0.15227197110652924,"w":0.5366056561470032},"size":12.884181022644043,"orthographic":true}