{"cameraMode":{"drawMode":0,"name":"Shaded","section":"Shading Mode"},"sceneLighting":false,"audioPlay":false,"sceneViewState":{"showFog":true,"showMaterialUpdate":false,"showSkybox":false,"showFlares":true,"showImageEffects":true,"showParticleSystems":true,"showVisualEffectGraphs":true,"m_FxEnabled":true},"in2DMode":false,"pivot":{"x":3.116476058959961,"y":2.5762038230895998,"z":-0.9103426933288574},"rotation":{"x":0.015297945588827134,"y":0.037495341151952746,"z":-0.0005767183611169457,"w":0.9991919994354248},"size":3.9117867946624758,"orthographic":true}