{"cameraMode":{"drawMode":0,"name":"Shaded","section":"Shading Mode"},"sceneLighting":false,"audioPlay":false,"sceneViewState":{"showFog":true,"showMaterialUpdate":false,"showSkybox":false,"showFlares":true,"showImageEffects":true,"showParticleSystems":true,"showVisualEffectGraphs":true,"m_FxEnabled":true},"in2DMode":false,"pivot":{"x":216.8357391357422,"y":100.64566802978516,"z":289.52154541015627},"rotation":{"x":0.2311633676290512,"y":-0.5873520970344544,"z":0.17995646595954896,"w":0.7544659972190857},"size":0.14545415341854096,"orthographic":true}